# file	download	source page (licence: public domain, NASA)
000_NASA_astronaut_Leland_D._Melvin_with_his_dogs_Jake_and_Scout.jpg	https://commons.wikimedia.org/wiki/Special:FilePath/NASA_astronaut_Leland_D._Melvin_with_his_dogs_Jake_and_Scout.jpg?width=960	https://commons.wikimedia.org/wiki/File:NASA_astronaut_Leland_D._Melvin_with_his_dogs_Jake_and_Scout.jpg
001_Jessica_Meir_official_portrait_in_an_EMU_%28B%26W%29.jpg.jpg	https://commons.wikimedia.org/wiki/Special:FilePath/Jessica_Meir_official_portrait_in_an_EMU_%28B%26W%29.jpg?width=960	https://commons.wikimedia.org/wiki/File:Jessica_Meir_official_portrait_in_an_EMU_(B%26W).jpg
002_Samantha_Cristoforetti_official_portrait_in_an_EMU_spacesuit.jpg	https://commons.wikimedia.org/wiki/Special:FilePath/Samantha_Cristoforetti_official_portrait_in_an_EMU_spacesuit.jpg?width=960	https://commons.wikimedia.org/wiki/File:Samantha_Cristoforetti_official_portrait_in_an_EMU_spacesuit.jpg
003_Judith_A._Resnik%2C_official_portrait_%28cropped%29.jpg.jpg	https://commons.wikimedia.org/wiki/Special:FilePath/Judith_A._Resnik%2C_official_portrait_%28cropped%29.jpg?width=960	https://commons.wikimedia.org/wiki/File:Judith_A._Resnik,_official_portrait_(cropped).jpg
004_Kalpana_Chawla%2C_NASA_photo_portrait_in_orange_suit.jpg.jpg	https://commons.wikimedia.org/wiki/Special:FilePath/Kalpana_Chawla%2C_NASA_photo_portrait_in_orange_suit.jpg?width=960	https://commons.wikimedia.org/wiki/File:Kalpana_Chawla,_NASA_photo_portrait_in_orange_suit.jpg
005_Wendy_B._Lawrence_-_Astronaut_Candidate_Portrait.jpg.jpg	https://commons.wikimedia.org/wiki/Special:FilePath/Wendy_B._Lawrence_-_Astronaut_Candidate_Portrait.jpg?width=960	https://commons.wikimedia.org/wiki/File:Wendy_B._Lawrence_-_Astronaut_Candidate_Portrait.jpg
006_Koichi_Wakata_-_Astronaut_Candidate_Portrait.jpg.jpg	https://commons.wikimedia.org/wiki/Special:FilePath/Koichi_Wakata_-_Astronaut_Candidate_Portrait.jpg?width=960	https://commons.wikimedia.org/wiki/File:Koichi_Wakata_-_Astronaut_Candidate_Portrait.jpg
007_Andy_Thomas_-_Astronaut_Candidate_Portrait.jpg.jpg	https://commons.wikimedia.org/wiki/Special:FilePath/Andy_Thomas_-_Astronaut_Candidate_Portrait.jpg?width=960	https://commons.wikimedia.org/wiki/File:Andy_Thomas_-_Astronaut_Candidate_Portrait.jpg
008_Scott_E._Parazynski_-_Astronaut_Candidate_Portrait.jpg.jpg	https://commons.wikimedia.org/wiki/Special:FilePath/Scott_E._Parazynski_-_Astronaut_Candidate_Portrait.jpg?width=960	https://commons.wikimedia.org/wiki/File:Scott_E._Parazynski_-_Astronaut_Candidate_Portrait.jpg
009_John_M._Grusfeld_-_Astronaut_Candidate_Portrait.jpg.jpg	https://commons.wikimedia.org/wiki/Special:FilePath/John_M._Grusfeld_-_Astronaut_Candidate_Portrait.jpg?width=960	https://commons.wikimedia.org/wiki/File:John_M._Grusfeld_-_Astronaut_Candidate_Portrait.jpg
010_Mary_E._Weber_-_Astronaut_Candidate_Portrait.jpg.jpg	https://commons.wikimedia.org/wiki/Special:FilePath/Mary_E._Weber_-_Astronaut_Candidate_Portrait.jpg?width=960	https://commons.wikimedia.org/wiki/File:Mary_E._Weber_-_Astronaut_Candidate_Portrait.jpg
011_Serena_M._Aunon%2C_NASA_astronaut_candidate.jpg.jpg	https://commons.wikimedia.org/wiki/Special:FilePath/Serena_M._Aunon%2C_NASA_astronaut_candidate.jpg?width=960	https://commons.wikimedia.org/wiki/File:Serena_M._Aunon,_NASA_astronaut_candidate.jpg
012_NASA_Candidate_Josh_A_Cassada.jpg.jpg	https://commons.wikimedia.org/wiki/Special:FilePath/NASA_Candidate_Josh_A_Cassada.jpg?width=960	https://commons.wikimedia.org/wiki/File:NASA_Candidate_Josh_A_Cassada.jpg
013_NASA_Astronauts_and_Astronaut_Candidates_at_the_Launch_Pad.j.jpg	https://commons.wikimedia.org/wiki/Special:FilePath/NASA_Astronauts_and_Astronaut_Candidates_at_the_Launch_Pad.jpg?width=960	https://commons.wikimedia.org/wiki/File:NASA_Astronauts_and_Astronaut_Candidates_at_the_Launch_Pad.jpg
014_NASA_Candidate_Tyler_N_Hague.jpg.jpg	https://commons.wikimedia.org/wiki/Special:FilePath/NASA_Candidate_Tyler_N_Hague.jpg?width=960	https://commons.wikimedia.org/wiki/File:NASA_Candidate_Tyler_N_Hague.jpg
015_ISS_Expedition_33_inflight_crew_portrait.jpg.jpg	https://commons.wikimedia.org/wiki/Special:FilePath/ISS_Expedition_33_inflight_crew_portrait.jpg?width=1920	https://commons.wikimedia.org/wiki/File:ISS_Expedition_33_inflight_crew_portrait.jpg
016_ISS_expedition_13_crew_with_reiter.jpg.jpg	https://commons.wikimedia.org/wiki/Special:FilePath/ISS_expedition_13_crew_with_reiter.jpg?width=1920	https://commons.wikimedia.org/wiki/File:ISS_expedition_13_crew_with_reiter.jpg
017_The_official_portrait_of_the_Expedition_74_crew_%28iss074-s-.jpg	https://commons.wikimedia.org/wiki/Special:FilePath/The_official_portrait_of_the_Expedition_74_crew_%28iss074-s-002b%29.jpg?width=1920	https://commons.wikimedia.org/wiki/File:The_official_portrait_of_the_Expedition_74_crew_(iss074-s-002b).jpg
018_ISS_Expedition_34_inflight_crew_portrait.jpg.jpg	https://commons.wikimedia.org/wiki/Special:FilePath/ISS_Expedition_34_inflight_crew_portrait.jpg?width=1920	https://commons.wikimedia.org/wiki/File:ISS_Expedition_34_inflight_crew_portrait.jpg
019_ISS_Expedition_20_Crew_Part_1.jpg.jpg	https://commons.wikimedia.org/wiki/Special:FilePath/ISS_Expedition_20_Crew_Part_1.jpg?width=1920	https://commons.wikimedia.org/wiki/File:ISS_Expedition_20_Crew_Part_1.jpg
020_ISS_Expedition_13_crew_%28official_picture%29.jpg.jpg	https://commons.wikimedia.org/wiki/Special:FilePath/ISS_Expedition_13_crew_%28official_picture%29.jpg?width=1920	https://commons.wikimedia.org/wiki/File:ISS_Expedition_13_crew_(official_picture).jpg
021_Expedition_69_Crew_Portrait.jpg.jpg	https://commons.wikimedia.org/wiki/Special:FilePath/Expedition_69_Crew_Portrait.jpg?width=1920	https://commons.wikimedia.org/wiki/File:Expedition_69_Crew_Portrait.jpg
022_ISS_Expedition_7_crew.jpg.jpg	https://commons.wikimedia.org/wiki/Special:FilePath/ISS_Expedition_7_crew.jpg?width=1920	https://commons.wikimedia.org/wiki/File:ISS_Expedition_7_crew.jpg
023_Nick_Hague_official_portrait_in_an_EMU_%28cropped%29.jpg.jpg	https://commons.wikimedia.org/wiki/Special:FilePath/Nick_Hague_official_portrait_in_an_EMU_%28cropped%29.jpg?width=1920	https://commons.wikimedia.org/wiki/File:Nick_Hague_official_portrait_in_an_EMU_(cropped).jpg
024_Jessica_Meir_official_portrait_in_an_EMU.jpg.jpg	https://commons.wikimedia.org/wiki/Special:FilePath/Jessica_Meir_official_portrait_in_an_EMU.jpg?width=1920	https://commons.wikimedia.org/wiki/File:Jessica_Meir_official_portrait_in_an_EMU.jpg
025_Christopher_Ferguson_in_2018_%28cropped%29_2.jpg.jpg	https://commons.wikimedia.org/wiki/Special:FilePath/Christopher_Ferguson_in_2018_%28cropped%29_2.jpg?width=1920	https://commons.wikimedia.org/wiki/File:Christopher_Ferguson_in_2018_(cropped)_2.jpg
026_Jessica_Meir_official_portrait_in_an_EMU_%28B%26W%29_%28crop.jpg	https://commons.wikimedia.org/wiki/Special:FilePath/Jessica_Meir_official_portrait_in_an_EMU_%28B%26W%29_%28cropped%29.jpg?width=1920	https://commons.wikimedia.org/wiki/File:Jessica_Meir_official_portrait_in_an_EMU_(B%26W)_(cropped).jpg
027_Jenni_Sidey_official_portrait.jpg.jpg	https://commons.wikimedia.org/wiki/Special:FilePath/Jenni_Sidey_official_portrait.jpg?width=1920	https://commons.wikimedia.org/wiki/File:Jenni_Sidey_official_portrait.jpg
